{
  "posts": [
    {
      "id": 1,
      "image": "../assets/amaze.jpg",
      "name": "Amaze",
      "model": "sedan",
      "speed": "60",
      "color": "silver,black"
    },
    {
      "id": 3,
      "image": "../assets/baleno.jpg",
      "name": "Baleno",
      "model": "compact",
      "speed": "50",
      "color": "red"
    },
    {
      "id": 4,
      "image": "../assets/benz.jpg",
      "name": "Benz",
      "model": "Sedan",
      "speed": "50",
      "color": "white"
    }
  ],
  "comments": [],
  "profile": {
    "name": "typicode"
  }
}